<?xml version="1.0" encoding="UTF-8" standalone="yes"?>
<addon id="plugin.video.you.jizz"
       name="YouJizz.com"
       version="1.0.13"
       provider-name="xbmc-adult">
    <requires>
        <import addon="xbmc.python" version="2.1.0"/>
    </requires>
    <extension point="xbmc.python.pluginsource"
               library="default.py">
        <provides>video</provides>
    </extension>
    <extension point="xbmc.addon.metadata">
        <platform>all</platform>
        <license>GPL 2.0</license>
        <summary lang="en">YouJizz.com</summary>
        <description lang="en">****ADULT CONTENT***** Watch erotic and sexy videos from YouJizz.com</description>
    </extension>
</addon>
