<?xml version="1.0" encoding="UTF-8" standalone="yes"?>
<addon id="metadata.movie.aebn.gay.net"
       name="AEBN Gay"
       version="1.2.4"
       provider-name="xbmc-adult">
  <requires>
    <import addon="xbmc.metadata" version="1.0"/>
		<import addon="metadata.common.themoviedb.org" version="1.0"/>
  </requires>
  <extension point="xbmc.metadata.scraper.movies"
             language="en"
             library="aebn.xml"/>
  <extension point="xbmc.addon.metadata">
    <summary lang="en">AEBN Gay Scraper</summary>
    <description lang="en">Download XXX Movie information from gay.aebn.net</description>
    <platform>all</platform>
  </extension>
</addon>
