<?xml version="1.0" encoding="UTF-8" standalone="yes"?>
<addon id="plugin.video.lubetube"
       name="Lubetube (Adult)"
       version="1.14"
       provider-name="xbmc-adult">
  <requires>
    <import addon="xbmc.python" version="2.1.0"/>
  </requires>
  <extension point="xbmc.python.pluginsource"
            library="default.py">
        <provides>video</provides>
  </extension>
  <extension point="xbmc.addon.metadata">
    <summary>Thousands of Free Streaming Porn videos! Updated every day. Lube Tube is the youtube of free porn.</summary>
    <description>Thousands of Free Streaming Porn videos! Updated every day. Lube Tube is the youtube of free porn.</description>
    <platform>all</platform>
  </extension>
</addon>
