<?xml version="1.0" encoding="UTF-8"?>
<addon id="plugin.video.youporngay" name="Youporn Gay" version="0.2" provider-name="xbmc-adult">
    <requires>
        <import addon="xbmc.python" version="2.1.0"/>
    </requires>
    <extension point="xbmc.python.pluginsource" library="default.py">
        <provides>video</provides>
    </extension>
    <extension point="xbmc.addon.metadata">
        <summary lang="en">Free Gay Porn Movies from youporn.com</summary>
        <description lang="en">VISIT Youporn for the BEST GAY PORN MOVIES! GET the sexiest TEEN BOYS Tube and ENJOY Huge Cock Sucking VIDEOS. CLICK NOW to WATCH Hot YOUNG XXX Gay Vidz!</description>
        <platform>all</platform>
    </extension>
</addon>
