<?xml version="1.0" encoding="UTF-8" standalone="yes"?>
<addon id="metadata.movie.adultdvdempire.com"
       name="AdultDVDEmpire"
       version="1.0.9"
       provider-name="xbmc-adult">
  <requires>
    <import addon="xbmc.metadata" version="1.0"/>
    <import addon="metadata.common.themoviedb.org" version="1.0"/>
  </requires>
  <extension point="xbmc.metadata.scraper.movies"
             language="en"
             library="adultdvdempire.xml"/>
  <extension point="xbmc.addon.metadata">
    <summary lang="en">AdultDVDEmpire Scraper</summary>
    <description lang="en">Download XXX Movie information from adultdvdempire.com</description>
    <platform>all</platform>
  </extension>
</addon>
