<?xml version="1.0" encoding="UTF-8" standalone="yes"?>
<addon id="metadata.movie.cduniverse.com"
       name="CDUniverse Adult"
       version="1.0.7"
       provider-name="xbmc-adult">
  <requires>
    <import addon="xbmc.metadata" version="1.0"/>
    <import addon="metadata.common.themoviedb.org" version="1.0"/>
  </requires>
  <extension point="xbmc.metadata.scraper.movies"
             language="en"
             library="cduniverse.xml"/>
  <extension point="xbmc.addon.metadata">
    <summary lang="en">CDUniverse Adult Scraper</summary>
    <description lang="en">Download XXX Movie information from adult.cduniverse.com</description>
    <platform>all</platform>
  </extension>
</addon>
